{"cameraMode":{"drawMode":0,"name":"Shaded","section":"Shading Mode"},"sceneLighting":true,"audioPlay":false,"sceneViewState":{"showFog":true,"showMaterialUpdate":false,"showSkybox":true,"showFlares":true,"showImageEffects":true,"showParticleSystems":true},"in2DMode":false,"pivot":{"x":-23.486900329589845,"y":4.103683948516846,"z":-26.963024139404298},"rotation":{"x":0.004430699627846479,"y":-0.97591233253479,"z":0.21720805764198304,"w":0.01990826427936554},"size":63.201908111572269,"orthographic":true}